PersonID,SearchID,StageName
61,P61,Taylor Swift
62,P62,Beyonce
63,P63,Harry Styles
64,P64,Liam Payne
65,P65,Niall Horan
66,P66,Justin Bieber
67,P67,Neil Diamond
68,P68,Katy Perry
69,P69,Louis Tomlinson
70,P70,Zayn Malik
71,P71,Snoop Dogg
72,P72,Salt
73,P73,Pepa
74,P74,Gary LeVox
75,P75,Jay DeMarcus
76,P76,Agnetha Faltskog
77,P77,Bjorn Ulvaeus
78,P78,Benny Andersson
79,P79,Anni-Frid Lyngstad
80,P80,Kesha
121,P121,One Direction
122,P122,ABBA
123,P123,Rascal Flatts
144,P144,Salt-N-Pepa
145,P145,Colbie Caillat
146,P146,Maren Morris
147,P147,Keith Urban
148,P148,Gary Lightbody
149,P149,Alana Haim
150,P150,Danielle Haim
151,P151,Este Haim
152,P152,HAIM
153,P153,Justin Vernon
154,P154,Andrew Fitzpatrick
155,P155,Bon Iver
156,P156,Matt Berninger
157,P157,Aaron Dessner
158,P158,Bryce Dessner
159,P159,Bryan Devendorf
160,P160,Scott Devendorf
161,P161,The National
162,P162,Jack White
163,P163,The Weeknd
164,P164,James Blake
165,P165,Kendrick Lamar
166,P166,Sean Foreman
167,P167,Nathaniel Motte
168,P168,3OH3!
169,P169,Ludacris
170,P170,Jessica Jarrell
171,P171,Sean Kingston
