PersonID,LibraryCardNum,PhoneNum,Address,Email
101,1,614-551-0001,"20 N High Street, Columbus, OH 43201",1email@gmail.com
102,2,614-551-0002,"21 N High Street, Columbus, OH 43201",2email@gmail.com
103,3,614-551-0003,"22 N High Street, Columbus, OH 43201",3email@gmail.com
104,4,614-551-0004,"23 N High Street, Columbus, OH 43201",4email@gmail.com
105,5,614-551-0005,"24 N High Street, Columbus, OH 43201",5email@gmail.com
106,6,614-551-0006,"25 N High Street, Columbus, OH 43201",6email@gmail.com
107,7,614-551-0007,"26 N High Street, Columbus, OH 43201",7email@gmail.com
108,8,614-551-0008,"27 N High Street, Columbus, OH 43201",8email@gmail.com
109,9,614-551-0009,"28 N High Street, Columbus, OH 43201",9email@gmail.com
110,10,614-551-0010,"29 N High Street, Columbus, OH 43201",10email@gmail.com
111,11,614-551-0011,"30 N High Street, Columbus, OH 43201",11email@gmail.com
112,12,614-551-0012,"31 N High Street, Columbus, OH 43201",12email@gmail.com
113,13,614-551-0013,"32 N High Street, Columbus, OH 43201",13email@gmail.com
114,14,614-551-0014,"33 N High Street, Columbus, OH 43201",14email@gmail.com
115,15,614-551-0015,"34 N High Street, Columbus, OH 43201",15email@gmail.com
116,16,614-551-0016,"35 N High Street, Columbus, OH 43201",16email@gmail.com
117,17,614-551-0017,"36 N High Street, Columbus, OH 43201",17email@gmail.com
118,18,614-551-0018,"37 N High Street, Columbus, OH 43201",18email@gmail.com
119,19,614-551-0019,"38 N High Street, Columbus, OH 43201",19email@gmail.com
120,20,614-551-0020,"39 N High Street, Columbus, OH 43201",20email@gmail.com
