81,6145550001,"40 E Oakland Ave, Columbus, OH 43201",1email@outlook.com
82,6145550002,"41 E Oakland Ave, Columbus, OH 43201",2email@outlook.com
83,6145550003,"42 E Oakland Ave, Columbus, OH 43201",3email@outlook.com
84,6145550004,"43 E Oakland Ave, Columbus, OH 43201",4email@outlook.com
85,6145550005,"44 E Oakland Ave, Columbus, OH 43201",5email@outlook.com
86,6145550006,"45 E Oakland Ave, Columbus, OH 43201",6email@outlook.com
87,6145550007,"46 E Oakland Ave, Columbus, OH 43201",7email@outlook.com
88,6145550008,"47 E Oakland Ave, Columbus, OH 43201",8email@outlook.com
89,6145550009,"48 E Oakland Ave, Columbus, OH 43201",9email@outlook.com
90,6145550010,"49 E Oakland Ave, Columbus, OH 43201",10email@outlook.com
91,6145550011,"50 E Oakland Ave, Columbus, OH 43201",11email@outlook.com
92,6145550012,"51 E Oakland Ave, Columbus, OH 43201",12email@outlook.com
93,6145550013,"52 E Oakland Ave, Columbus, OH 43201",13email@outlook.com
94,6145550014,"53 E Oakland Ave, Columbus, OH 43201",14email@outlook.com
95,6145550015,"54 E Oakland Ave, Columbus, OH 43201",15email@outlook.com
96,6145550016,"55 E Oakland Ave, Columbus, OH 43201",16email@outlook.com
97,6145550017,"56 E Oakland Ave, Columbus, OH 43201",17email@outlook.com
98,6145550018,"57 E Oakland Ave, Columbus, OH 43201",18email@outlook.com
99,6145550019,"58 E Oakland Ave, Columbus, OH 43201",19email@outlook.com
100,6145550020,"59 E Oakland Ave, Columbus, OH 43201",20email@outlook.com
