InvID,Title,Year,NumofElectronic,NumofPhysical
1,Harry Potter and the Sorcerers Stone,1997,5,8
2,Harry Potter and the Chamber of Secrets,1999,5,7
3,Harry Potter and the Prisoner of Askaban,2001,3,7
4,Harry Potter and the Goblet of Fire,2003,4,6
5,Harry Potter and the Order of the Phoenix,2005,3,7
6,Harry Potter and the Half Blood Prince,2007,5,9
7,Harry Potter and the Deathly Hallows,2009,6,8
8,They Both Die at the End,2019,1,3
9,The Hunger Games,2010,6,12
10,Catching Fire,2012,4,10
11,Mocking Jay,2013,4,9
12,Divergent,2009,3,7
13,Allegiant,2011,2,5
14,The Maze Runner,2011,5,9
15,The Lightning Thief,2006,4,7
16,The Martian,2011,2,5
17,Fangirl,2014,3,6
18,The Cat in the Hat,1967,2,4
19,The Lorax,1969,3,5
20,The Fault in our Stars,2009,5,10
21,Psycho,1960,2,4
22,The Bad Sleep Well,1965,0,1
23,Yojimbo,1950,0,1
24,Seven Samurai,1955,0,1
25,Ikiru,1956,0,1
26,Bridge of Spies,2009,1,2
27,Ready Player One,2015,3,4
28,Saving Private Ryan,1999,3,4
29,Jurassic Park,1970,2,3
30,Schindlers List,1980,1,3
31,Jaws,1983,2,5
32,War Horse,2005,0,2
33,Raiders of the Lost Ark,1980,2,4
34,Alice Doesn't Live Here Anymore,1950,0,2
35,The Color of Money,1963,0,2
36,Goodfellas,1990,3,2
37,Shutter Island,2007,2,5
38,Persona,1940,0,3
39,Stagecaoch,1954,4,2
40,The Grapes of Wrath,1955,1,3
41,"People, January 2020",2020,1,1
42,"Time, January 2020",2020,1,1
43,Fearless (Taylor's Version),2021,1,2
44,Red (Deluxe Edition),2012,1,2
45,Speak Now,2010,1,2
46,Reputation,2017,1,2
47,Folklore,2020,1,2
48,Evermore,2020,1,2
49,1989,2014,1,2
50,I AM�SASHA FIERCE,2008,1,2
51,Lemonade,2016,1,2
52,Very Necessary,1993,1,2
53,Up All Night,2012,1,2
54,Made In The A.M. (Deluxe Edition),2015,1,2
55,FOUR (Deluxe),2014,1,2
56,Midnight Memories (Deluxe),2013,1,2
57,Animal (Expanded Edition),2010,1,2
58,Voulez-Vous,1979,1,2
59,My World 2.0,2010,1,2
60,Teenage Dream,2010,1,2
61,Sweet Caroline,1969,1,2
62,Me And My Gang,2006,1,2
63,Harry Potter and the Sorcerers Stone,2005,3,2
64,Harry Potter and the Chamber of Secrets,2005,3,2
65,Harry Potter and the Prisoner of Askaban,2005,3,2
66,Harry Potter and the Goblet of Fire,2005,3,2
67,Harry Potter and the Order of the Phoenix,2005,3,2
68,Harry Potter and the Half Blood Prince,2007,3,2
69,Harry Potter and the Deathly Hallows,2009,3,2
70,They Both Die at the End,2019,3,2
71,The Hunger Games,2010,3,2
72,Catching Fire,2012,3,2
73,Mocking Jay,2013,3,2
74,Divergent,2009,3,2
75,Allegiant,2011,3,2
76,The Maze Runner,2011,3,2
77,The Lightning Thief,2006,3,2
78,The Martian,2011,3,2
79,Fangirl,2014,3,2
80,The Cat in the Hat,2010,3,2
81,The Lorax,2010,3,2
82,The Fault in our Stars,2009,3,2
83,"Time, Feburary 2020",2020,1,1
84,"Time, March 2020",2020,1,1
85,"Time, April 2020",2020,1,1
86,"Time, May 2020",2020,1,1
87,"Time, June 2020",2020,1,1
88,"Time, July 2020",2020,1,1
89,"Time, January 2021",2021,1,1
90,"Time, Feburary 2021",2021,1,1
91,"Time, March 2021",2021,1,1
92,"Time, April 2021",2021,1,1
93,"People, Feburary 2020",2020,1,1
94,"People, March 2020",2020,1,1
95,"People, April 2020",2020,1,1
96,"People, May 2020",2020,1,1
97,"People, June 2020",2020,1,1
98,"People, July 2020",2020,1,1
99,"People, August 2020",2020,1,1
100,"People, September 2020",2020,1,1
101,"People, October 2020",2020,1,1
102,"People, November 2020",2020,1,1
103,"People, December 2020",2020,1,1
104,Hamlet,1600,2,3
105,Death on the Nile,1937,1,2
106,Murder on the Orient Express,1934,2,4
107,A Ghost in Monte Carlo,1951,1,1
108,Royal,2020,1,1
109,Nine Lives,2021,1,1
110,Safe Harbour,2003,1,1
111,The pirate,1974,1,1
112,My Friend Maigret,1949,1,1
113,Goosebumps Welcome to Dead House,1992,4,6
114,Goosebumps Night of the Living Dummy,1993,3,5
115,The Shining,1977,2,3
116,It,1986,2,4
117,Only Time Will Tell,2011,1,1
118,The Calder Range,1982,1,1
119,Pulp Fiction,1994,1,2
120,The Gold Rush,1925,1,2
121,Dune,2021,2,2
122,The Godfather,1972,1,2
123,Fight Club,1999,1,2
124,Gone Girl,2014,1,2
125,The Dark Knight,2008,1,2
126,The Dark Knight Rises,2012,1,2
127,Dunkirk,2017,1,2
128,Fedora,1978,1,1
129,The Pianist,2002,0,1
130,Husbands,1970,1,2
131,Harry Potter and the Prisoner of Askaban,2004,1,2
132,The Bridge on the River Kwai,1957,0,1
133,Mirror,1975,0,1
134,Metropolis,1927,1,1
135,Gladiator,2000,1,2
