OrdersNum,ItemType,Title,Year,NumofElectronicCopies,NumofPhysicalCopies,Price,ArrivalDate,EmpID
1,Movie,Shes The Man,2006,1,3,20.5,10/20/2021,83
2,Movie,What a Girl Wants,2003,1,3,21.5,10/21/2021,84
3,Movie,Sydney White,2007,1,3,22.5,10/22/2021,85
4,Movie,Halloweentown,1998,1,3,23.5,10/23/2021,86
5,Movie,The Nightmare Before Christmas,1993,1,3,24.5,10/24/2021,87
6,Movie,The Grinch,2018,1,3,25.5,10/25/2021,88
7,Movie,The Polar Express,2004,1,3,26.5,10/26/2021,89
8,Movie,G-force,2009,1,3,27.5,10/27/2021,90
9,Movie,Patriots Day,2016,1,3,28.5,10/28/2021,91
10,Movie,Die Hard,1988,1,3,20,10/29/2021,92
11,Book,The Death Cure,2011,4,6,21,10/30/2021,93
12,Book,Horton Hears A Who,1960,4,6,22,10/31/2021,94
13,Book,The Scortch Trials,2010,4,6,23,11/1/2021,95
14,Album,Fine Line,2019,1,1,24,11/2/2021,96
15,Album,Sour,2021,1,1,25,11/3/2021,97
16,Album,+,2011,1,1,26,11/4/2021,98
17,Album,x (Deluxe Edition),2014,1,1,27,11/5/2021,99
18,Audiobook,Horton Hears A Who,2005,3,2,28,11/6/2021,100
19,Magazine,Time,2020,1,3,29,11/7/2021,81
20,Magazine,Time,2020,1,2,30,11/8/2021,82
