PersonID,Fname,Lname
1,J.K.,Rowling
2,John,Green
3,Andy,Weir
4,Dr.,Seuss
5,Suzanne,Collins
6,Rick,Riordain
7,Veronica,Roth
8,Rainbow,Rowell
9,James,Dashner
10,Adam,Silvera
11,William,Shakespeare
12,Agatha,Christie
13,Barbara,Cartland
14,Danielle,Steel
15,Harold,Robins
16,Georges,Simenon
17,R. L.,Stine
18,Stephen,King
19,Jeffrey,Archer
20,Janet,Dailey
21,Alfred,Hitchcock
22,Akira,Kurosawa
23,Steven,Spielberg
24,Martin,Scorsese
25,Quentin,Tarantino
26,Ingmar,Bergman
27,John,Ford
28,Charlie,Chaplin
29,Denis,Villeneuve
30,Francis,Ford Coppola
31,David,Fincher
32,Christopher,Nolan
33,Billy,Wilder
34,Roman,Polanski
35,John,Cassavetes
36,Alfonso,Cuaron
37,David,Lean
38,Andrei,Tarkovsky
39,Fritz,Lang
40,Ridley,Scott
41,Janet,Leigh
42,Toshiro,Mifune
43,Kamatari,Fujiwara
44,Takashi,Shimura
45,Miki,Odagiri
46,Tom,Hanks
47,Tye,Sheridan
48,Olivia,Cooke
49,Matt,Damon
50,Vin,Diesel
51,Jeff,Goldblum
52,Liam,Neeson
53,Ben,Kingsley
54,Roy,Scheider
55,Jeremy,Irvine
56,Tom,Hiddleston
57,Harrison,Ford
58,Paul,Newman
59,Robert,De Niro
60,Leonardo,DiCaprio
61,Taylor,Swift
62,Beyonce,Knowles
63,Harry,Styles
64,Liam,Payne
65,Niall,Horan
66,Justin,Bieber
67,Neil,Diamond
68,Katy,Perry
69,Louis,Tomlinson
70,Zayn,Malik
71,Calvin,Broadus Jr.
72,Cheryl,James
73,Sanda,Denton
74,Gary,LeVox
75,Jay,DeMarcus
76,Agnetha,Faltskog
77,Bjorn,Ulvaeus
78,Benny,Andersson
79,Anni-Frid,Lyngstad
80,Kesha,Sebert
81,Ella,Niermann
82,Stephanie,Puntel
83,Tejas,Venkatachalam
84,Mikaela,Sellers
85,Laura,Hay
86,Joanna,Valentas
87,Jessica,Davis
88,Melissa,Meszaros
89,Jordyn,Prok
90,Maddie,Zatezalo
91,Tessa,Manson
92,Ally,Leamy
93,Sabrina,Sowa
94,Kyle,Herbert
95,Justin,Herbert
96,Sarah,Jones
97,Amy,Johnson
98,Kristina,Johnson
99,Michael,Drake
100,Ben,Jones
101,Becky,Simon
102,Rosemary,Zaleski
103,Natalie,Davic
104,Cara,Ashilman
105,David,Ashilman
106,Grace,Ashilman
107,Tony,Ashilman
108,Todd,Delfunt
109,Jacob,Puntel
110,Sarah,Puntel
111,Sandy,Hippensteele
112,Scott,DeOliveria
113,Julia,Myers
114,Justin,Fields
115,CJ,Stroud
116,Ryan,Day
117,Sam,Franklin
118,Missy,Fields
119,Christina,McDonald
120,Ronald,Sheets
121,One Direction,
122,ABBA,
123,Rascal Flatts,
124,Georgia,Hale
125,Timothee,Chalamet
126,Zendaya,
127,Al,Pacino
128,Brad,Pitt
129,Edward,Norton
130,Ben,Affleck
131,Rosamund,Pike
132,Christian,Bale
133,Heath,Ledger
134,Tom,Hardy
135,Marthe,Keller
136,Adrien,Brody
137,Daniel,Radcliffe
138,Emma,Watson
139,Alec,Guinness
140,Margarita,Terekhova
141,Alfred,Abel
142,Russell,Crowe
143,Joaquin,Phoenix
144,Salt-N-Pepa,
145,Colbie,Caillat
146,Maren,Morris
147,Keith,Urban
148,Gary,Lightbody
149,Alana,Haim
150,Danielle,Haim
151,Este,Haim
152,HAIM,
153,Justin,Vernon
154,Andrew,Fitzpatrick
155,Bon Iver,
156,Matt,Berninger
157,Aaron,Dessner
158,Bryce,Dessner
159,Bryan,Devendorf
160,Scott,Devendorf
161,The National,
162,Jack,White
163,Abel,Tesfaye
164,James,Litherland
165,Kendrick,Duckworth
166,Sean,Foreman
167,Nathaniel,Motte
168,3OH!3,
169,Christopher,Bridges
170,Jessica,Jarrell
171,Kisean,Anderson
